Workbook

Sheet Main
A1: Exterior Linear RGBW ROM Cost Comparison (Template v3)
A3: Project | B3: USPGFD | D3: Date | E3: 46009
A4: Known Budget / Allowance ($) | B4: 1000000
A5: Default Building Count | B5: 1
A6: Default Total Linear Feet (LF) | B6: 1000
A10: Option | B10: Tag | C10: Manufacturer | D10: Series / Cat # | E10: Sales Rep | F10: Driver Type | G10: Application / Location | H10: Output Type | I10: Pricing Basis | J10: DN $/LF | K10: DN $/4ft | L10: Bldg Cnt (opt) | M10: Total LF (opt) | N10: Fixture Accessories Allowance % | O10: Product Markup Divisor | P10: Fixture Total (marked up) | Q10: Control Ecosystem | R10: Control Level | S10: Protocol | T10: Control Zone Size (LF per zone) | X10: Max Run (LF) per Power Feed | Y10: Zones (est.) | Z10: Channels/Zone (default) | AA10: DMX Channels (est.) | AB10: DMX Universes (est.) | AC10: Universes Override | AD10: Universes Used | AE10: Controller Tier | AF10: Controller Qty | AG10: Controller Unit $ | AH10: Gateway Qty | AI10: Gateway Unit $ | AJ10: Enclosure Qty | AK10: Enclosure Unit $ | AL10: Power/Driver Pack Qty | AM10: Pack Unit $ | AN10: Switch Qty | AO10: Switch Unit $ | AP10: DMX Splitter Qty | AQ10: Splitter Unit $ | AR10: Major Controls Total | AS10: Controls Misc Allow % | AT10: Controls Cabling $/LF | AU10: All Controls Equip Total | AV10: Comm Hours | AW10: Comm Rate $/hr | AX10: Commissioning Total | AY10: Est Padding % | AZ10: All-in Total (padded) | BA10: All-in $/LF | BB10: Delta vs Budget | BC10: Rank | BD10: Fixture (chart) | BE10: Controls (padded chart) | BF10: Comm (padded chart)
A11: 1 | B11: XL1 - all pixel ctrl | C11: GVA | D11: HIGHLIGHTER | E11: MZ | F11: Integral | G11: GARAGE FAÇADE | H11: RGBW | I11: $/LF | J11: 350 | K11: 1400 | N11: 0.12 | O11: 0.8 | P11: =IF($B11="","",((IF($I11="$/4ft",(IF($M11="",$B$6,$M11)/4)*$K11,IF($M11="",$B$6,$M11)*$J11))*(1+$N11))/$O11) -> 490000 | Q11: GVA ecosystem | R11: 4 | S11: eDMX | T11: 1LF | V11: 50 | X11: 300 | Y11: =IF($B11="","",IF(IF($T11="Max Run Length",$X11,IF($T11="4LF",4,IF($T11="1LF",1,IF($T11="0.5LF",0.5,IF($T11="0.25LF",0.25,"")))))="","",CEILING(IF($M11="",$B$6,$M11)/IF($T11="Max Run Length",$X11,IF($T11="4LF",4,IF($T11="1LF",1,IF($T11="0.5LF",0.5,IF($T11="0.25LF",0.25,""))))),1))) -> 1000 | Z11: =IF($H11="","",VLOOKUP($H11,Assumptions!$A$2:$B$5,2,FALSE)) -> 4 | AA11: =IF($B11="","",ROUND($Y11*$Z11,0)) -> 4000 | AB11: =IF($B11="","",CEILING($AA11/512,1)) -> 8 | AD11: =IF($AC11>0,$AC11,$AB11) -> 8 | AE11: =IF($B11="","",IF($AD11>=2,"LARGE","SMALL")) -> LARGE | AF11: 1 | AG11: =IF($B11="","",VLOOKUP($AE11,Assumptions!$J$2:$K$3,2,FALSE)) -> 41640 | AH11: =IF($B11="","",IF($S11="eDMX",CEILING($AD11/4,1),0)) -> 2 | AI11: =IF($B11="","",VLOOKUP("GATEWAY_EDMX_4PORT",Assumptions!$M$2:$N$6,2,FALSE)) -> 1250 | AJ11: =IF($B11="","",IF($F11="Integral",0,IF($R11>=2,MAX(IF($L11="",$B$5,$L11),CEILING($Y11/6,1)),0))) -> 0 | AK11: =IF($B11="","",VLOOKUP("NEMA_ENCLOSURE_MED",Assumptions!$M$2:$N$6,2,FALSE)) -> 900 | AL11: =IF($B11="","",IF($F11="Integral",0,IF($R11>=2,$Y11,0))) -> 0 | AM11: =IF($B11="","",VLOOKUP("POWER_DRIVER_PACK",Assumptions!$M$2:$N$6,2,FALSE)) -> 750 | AN11: =IF($B11="","",IF($S11="eDMX",MAX(1,CEILING($AH11/12,1)),0)) -> 1 | AO11: =IF($B11="","",VLOOKUP("NETWORK_SWITCH",Assumptions!$M$2:$N$6,2,FALSE)) -> 650 | AP11: =IF($B11="","",0) -> 0 | AQ11: =IF($B11="","",VLOOKUP("DMX_SPLITTER_PRO",Assumptions!$M$2:$N$6,2,FALSE)) -> 600 | AR11: =IF($B11="","",($AF11*$AG11)+($AH11*$AI11)+($AJ11*$AK11)+($AL11*$AM11)+($AN11*$AO11)+($AP11*$AQ11)) -> 44790 | AS11: =IF($R11="","",VLOOKUP($R11,Assumptions!$D$2:$F$6,2,FALSE)) -> 0.25 | AT11: =IF($R11="","",VLOOKUP($R11,Assumptions!$D$2:$F$6,3,FALSE)) -> 10 | AU11: =IF($B11="","",$AR11*(1+$AS11)+(IF($M11="",$B$6,$M11)*$AT11)) -> 65987.5 | AV11: =IF($R11="","",VLOOKUP($R11,Assumptions!$D$2:$H$6,4,FALSE)+($Y11*VLOOKUP($R11,Assumptions!$D$2:$H$6,5,FALSE))) -> 184 | AW11: 175 | AX11: =IF($B11="","",$AV11*$AW11) -> 32200 | AY11: 0 | AZ11: =IF($B11="","",$P11+($AU11+$AX11)*(1+$AY11)) -> 588187.5 | BA11: =IF($B11="","",$AZ11/IF($M11="",$B$6,$M11)) -> 588.1875 | BB11: =IF($B11="","",$AZ11-$B$4) -> -411812.5 | BC11: =IF($B11="","",_xludf.RANK.EQ($AZ11,$AZ$11:$AZ$15,1)) -> #NAME? | BD11: =IF($B11="","",$P11) -> 490000 | BE11: =IF($B11="","",$AU11*(1+$AY11)) -> 65987.5 | BF11: =IF($B11="","",$AX11*(1+$AY11)) -> 32200
A12: 2 | B12: XL2 - all pixel ctrl | C12: LUMINII | D12: ILIGHT | E12: CSLA | F12: Remote | G12: GARAGE FAÇADE | H12: RGBW | I12: $/LF | J12: 200 | K12: 800 | N12: 0.12 | O12: 0.8 | P12: =IF($B12="","",((IF($I12="$/4ft",(IF($M12="",$B$6,$M12)/4)*$K12,IF($M12="",$B$6,$M12)*$J12))*(1+$N12))/$O12) -> 280000 | Q12: Pharos | R12: 4 | S12: eDMX | T12: 1LF | V12: 50 | X12: 17 | Y12: =IF($B12="","",IF(IF($T12="Max Run Length",$X12,IF($T12="4LF",4,IF($T12="1LF",1,IF($T12="0.5LF",0.5,IF($T12="0.25LF",0.25,"")))))="","",CEILING(IF($M12="",$B$6,$M12)/IF($T12="Max Run Length",$X12,IF($T12="4LF",4,IF($T12="1LF",1,IF($T12="0.5LF",0.5,IF($T12="0.25LF",0.25,""))))),1))) -> 1000 | Z12: =IF($H12="","",VLOOKUP($H12,Assumptions!$A$2:$B$5,2,FALSE)) -> 4 | AA12: =IF($B12="","",ROUND($Y12*$Z12,0)) -> 4000 | AB12: =IF($B12="","",CEILING($AA12/512,1)) -> 8 | AD12: =IF($AC12>0,$AC12,$AB12) -> 8 | AE12: =IF($B12="","",IF($AD12>=2,"LARGE","SMALL")) -> LARGE | AF12: 1 | AG12: =IF($B12="","",VLOOKUP($AE12,Assumptions!$J$2:$K$3,2,FALSE)) -> 41640 | AH12: =IF($B12="","",IF($S12="eDMX",CEILING($AD12/4,1),0)) -> 2 | AI12: =IF($B12="","",VLOOKUP("GATEWAY_EDMX_4PORT",Assumptions!$M$2:$N$6,2,FALSE)) -> 1250 | AJ12: =IF($B12="","",IF($F12="Integral",0,IF($R12>=2,MAX(IF($L12="",$B$5,$L12),CEILING($Y12/6,1)),0))) -> 167 | AK12: =IF($B12="","",VLOOKUP("NEMA_ENCLOSURE_MED",Assumptions!$M$2:$N$6,2,FALSE)) -> 900 | AL12: =IF($B12="","",IF($F12="Integral",0,IF($R12>=2,($Y12/$X12),0))) -> 58.823529 | AM12: =IF($B12="","",VLOOKUP("POWER_DRIVER_PACK",Assumptions!$M$2:$N$6,2,FALSE)) -> 750 | AN12: =IF($B12="","",IF($S12="eDMX",MAX(1,CEILING($AH12/12,1)),0)) -> 1 | AO12: =IF($B12="","",VLOOKUP("NETWORK_SWITCH",Assumptions!$M$2:$N$6,2,FALSE)) -> 650 | AP12: =IF($B12="","",0) -> 0 | AQ12: =IF($B12="","",VLOOKUP("DMX_SPLITTER_PRO",Assumptions!$M$2:$N$6,2,FALSE)) -> 600 | AR12: =IF($B12="","",($AF12*$AG12)+($AH12*$AI12)+($AJ12*$AK12)+($AL12*$AM12)+($AN12*$AO12)+($AP12*$AQ12)) -> 239207.65 | AS12: =IF($R12="","",VLOOKUP($R12,Assumptions!$D$2:$F$6,2,FALSE)) -> 0.25 | AT12: =IF($R12="","",VLOOKUP($R12,Assumptions!$D$2:$F$6,3,FALSE)) -> 10 | AU12: =IF($B12="","",$AR12*(1+$AS12)+(IF($M12="",$B$6,$M12)*$AT12)) -> 309009.56 | AV12: =IF($R12="","",VLOOKUP($R12,Assumptions!$D$2:$H$6,4,FALSE)+($Y12*VLOOKUP($R12,Assumptions!$D$2:$H$6,5,FALSE))) -> 184 | AW12: 175 | AX12: =IF($B12="","",$AV12*$AW12) -> 32200 | AY12: 0 | AZ12: =IF($B12="","",$P12+($AU12+$AX12)*(1+$AY12)) -> 621209.56 | BA12: =IF($B12="","",$AZ12/IF($M12="",$B$6,$M12)) -> 621.20956 | BB12: =IF($B12="","",$AZ12-$B$4) -> -378790.44 | BC12: =IF($B12="","",_xludf.RANK.EQ($AZ12,$AZ$11:$AZ$15,1)) -> #NAME? | BD12: =IF($B12="","",$P12) -> 280000 | BE12: =IF($B12="","",$AU12*(1+$AY12)) -> 309009.56 | BF12: =IF($B12="","",$AX12*(1+$AY12)) -> 32200
A13: 3 | F13: Remote | N13: 0.12 | O13: 0.8 | P13: =IF($B13="","",((IF($I13="$/4ft",(IF($M13="",$B$6,$M13)/4)*$K13,IF($M13="",$B$6,$M13)*$J13))*(1+$N13))/$O13) | V13: 50 | Y13: =IF($B13="","",IF(IF($T13="Max Run Length",$X13,IF($T13="4LF",4,IF($T13="1LF",1,IF($T13="0.5LF",0.5,IF($T13="0.25LF",0.25,"")))))="","",CEILING(IF($M13="",$B$6,$M13)/IF($T13="Max Run Length",$X13,IF($T13="4LF",4,IF($T13="1LF",1,IF($T13="0.5LF",0.5,IF($T13="0.25LF",0.25,""))))),1))) | Z13: =IF($H13="","",VLOOKUP($H13,Assumptions!$A$2:$B$5,2,FALSE)) | AA13: =IF($B13="","",ROUND($Y13*$Z13,0)) | AB13: =IF($B13="","",CEILING($AA13/512,1)) | AD13: =IF($AC13>0,$AC13,$AB13) | AE13: =IF($B13="","",IF($AD13>=2,"LARGE","SMALL")) | AF13: 1 | AG13: =IF($B13="","",VLOOKUP($AE13,Assumptions!$J$2:$K$3,2,FALSE)) | AH13: =IF($B13="","",IF($S13="eDMX",CEILING($AD13/4,1),0)) | AI13: =IF($B13="","",VLOOKUP("GATEWAY_EDMX_4PORT",Assumptions!$M$2:$N$6,2,FALSE)) | AJ13: =IF($B13="","",IF($F13="Integral",0,IF($R13>=2,MAX(IF($L13="",$B$5,$L13),CEILING($Y13/6,1)),0))) | AK13: =IF($B13="","",VLOOKUP("NEMA_ENCLOSURE_MED",Assumptions!$M$2:$N$6,2,FALSE)) | AL13: =IF($B13="","",IF($F13="Integral",0,IF($R13>=2,$Y13,0))) | AM13: =IF($B13="","",VLOOKUP("POWER_DRIVER_PACK",Assumptions!$M$2:$N$6,2,FALSE)) | AN13: =IF($B13="","",IF($S13="eDMX",MAX(1,CEILING($AH13/12,1)),0)) | AO13: =IF($B13="","",VLOOKUP("NETWORK_SWITCH",Assumptions!$M$2:$N$6,2,FALSE)) | AP13: =IF($B13="","",0) | AQ13: =IF($B13="","",VLOOKUP("DMX_SPLITTER_PRO",Assumptions!$M$2:$N$6,2,FALSE)) | AR13: =IF($B13="","",($AF13*$AG13)+($AH13*$AI13)+($AJ13*$AK13)+($AL13*$AM13)+($AN13*$AO13)+($AP13*$AQ13)) | AS13: =IF($R13="","",VLOOKUP($R13,Assumptions!$D$2:$F$6,2,FALSE)) | AT13: =IF($R13="","",VLOOKUP($R13,Assumptions!$D$2:$F$6,3,FALSE)) | AU13: =IF($B13="","",$AR13*(1+$AS13)+(IF($M13="",$B$6,$M13)*$AT13)) | AV13: =IF($R13="","",VLOOKUP($R13,Assumptions!$D$2:$H$6,4,FALSE)+($Y13*VLOOKUP($R13,Assumptions!$D$2:$H$6,5,FALSE))) | AW13: 175 | AX13: =IF($B13="","",$AV13*$AW13) | AY13: 0 | AZ13: =IF($B13="","",$P13+($AU13+$AX13)*(1+$AY13)) | BA13: =IF($B13="","",$AZ13/IF($M13="",$B$6,$M13)) | BB13: =IF($B13="","",$AZ13-$B$4) | BC13: =IF($B13="","",_xludf.RANK.EQ($AZ13,$AZ$11:$AZ$15,1)) | BD13: =IF($B13="","",$P13) | BE13: =IF($B13="","",$AU13*(1+$AY13)) | BF13: =IF($B13="","",$AX13*(1+$AY13))
A14: 4 | F14: Remote | N14: 0.12 | O14: 0.8 | P14: =IF($B14="","",((IF($I14="$/4ft",(IF($M14="",$B$6,$M14)/4)*$K14,IF($M14="",$B$6,$M14)*$J14))*(1+$N14))/$O14) | V14: 50 | Y14: =IF($B14="","",IF(IF($T14="Max Run Length",$X14,IF($T14="4LF",4,IF($T14="1LF",1,IF($T14="0.5LF",0.5,IF($T14="0.25LF",0.25,"")))))="","",CEILING(IF($M14="",$B$6,$M14)/IF($T14="Max Run Length",$X14,IF($T14="4LF",4,IF($T14="1LF",1,IF($T14="0.5LF",0.5,IF($T14="0.25LF",0.25,""))))),1))) | Z14: =IF($H14="","",VLOOKUP($H14,Assumptions!$A$2:$B$5,2,FALSE)) | AA14: =IF($B14="","",ROUND($Y14*$Z14,0)) | AB14: =IF($B14="","",CEILING($AA14/512,1)) | AD14: =IF($AC14>0,$AC14,$AB14) | AE14: =IF($B14="","",IF($AD14>=2,"LARGE","SMALL")) | AF14: 1 | AG14: =IF($B14="","",VLOOKUP($AE14,Assumptions!$J$2:$K$3,2,FALSE)) | AH14: =IF($B14="","",IF($S14="eDMX",CEILING($AD14/4,1),0)) | AI14: =IF($B14="","",VLOOKUP("GATEWAY_EDMX_4PORT",Assumptions!$M$2:$N$6,2,FALSE)) | AJ14: =IF($B14="","",IF($F14="Integral",0,IF($R14>=2,MAX(IF($L14="",$B$5,$L14),CEILING($Y14/6,1)),0))) | AK14: =IF($B14="","",VLOOKUP("NEMA_ENCLOSURE_MED",Assumptions!$M$2:$N$6,2,FALSE)) | AL14: =IF($B14="","",IF($F14="Integral",0,IF($R14>=2,$Y14,0))) | AM14: =IF($B14="","",VLOOKUP("POWER_DRIVER_PACK",Assumptions!$M$2:$N$6,2,FALSE)) | AN14: =IF($B14="","",IF($S14="eDMX",MAX(1,CEILING($AH14/12,1)),0)) | AO14: =IF($B14="","",VLOOKUP("NETWORK_SWITCH",Assumptions!$M$2:$N$6,2,FALSE)) | AP14: =IF($B14="","",0) | AQ14: =IF($B14="","",VLOOKUP("DMX_SPLITTER_PRO",Assumptions!$M$2:$N$6,2,FALSE)) | AR14: =IF($B14="","",($AF14*$AG14)+($AH14*$AI14)+($AJ14*$AK14)+($AL14*$AM14)+($AN14*$AO14)+($AP14*$AQ14)) | AS14: =IF($R14="","",VLOOKUP($R14,Assumptions!$D$2:$F$6,2,FALSE)) | AT14: =IF($R14="","",VLOOKUP($R14,Assumptions!$D$2:$F$6,3,FALSE)) | AU14: =IF($B14="","",$AR14*(1+$AS14)+(IF($M14="",$B$6,$M14)*$AT14)) | AV14: =IF($R14="","",VLOOKUP($R14,Assumptions!$D$2:$H$6,4,FALSE)+($Y14*VLOOKUP($R14,Assumptions!$D$2:$H$6,5,FALSE))) | AW14: 175 | AX14: =IF($B14="","",$AV14*$AW14) | AY14: 0 | AZ14: =IF($B14="","",$P14+($AU14+$AX14)*(1+$AY14)) | BA14: =IF($B14="","",$AZ14/IF($M14="",$B$6,$M14)) | BB14: =IF($B14="","",$AZ14-$B$4) | BC14: =IF($B14="","",_xludf.RANK.EQ($AZ14,$AZ$11:$AZ$15,1)) | BD14: =IF($B14="","",$P14) | BE14: =IF($B14="","",$AU14*(1+$AY14)) | BF14: =IF($B14="","",$AX14*(1+$AY14))
A15: 5 | F15: Remote | N15: 0.12 | O15: 0.8 | P15: =IF($B15="","",((IF($I15="$/4ft",(IF($M15="",$B$6,$M15)/4)*$K15,IF($M15="",$B$6,$M15)*$J15))*(1+$N15))/$O15) | V15: 50 | Y15: =IF($B15="","",IF(IF($T15="Max Run Length",$X15,IF($T15="4LF",4,IF($T15="1LF",1,IF($T15="0.5LF",0.5,IF($T15="0.25LF",0.25,"")))))="","",CEILING(IF($M15="",$B$6,$M15)/IF($T15="Max Run Length",$X15,IF($T15="4LF",4,IF($T15="1LF",1,IF($T15="0.5LF",0.5,IF($T15="0.25LF",0.25,""))))),1))) | Z15: =IF($H15="","",VLOOKUP($H15,Assumptions!$A$2:$B$5,2,FALSE)) | AA15: =IF($B15="","",ROUND($Y15*$Z15,0)) | AB15: =IF($B15="","",CEILING($AA15/512,1)) | AD15: =IF($AC15>0,$AC15,$AB15) | AE15: =IF($B15="","",IF($AD15>=2,"LARGE","SMALL")) | AF15: 1 | AG15: =IF($B15="","",VLOOKUP($AE15,Assumptions!$J$2:$K$3,2,FALSE)) | AH15: =IF($B15="","",IF($S15="eDMX",CEILING($AD15/4,1),0)) | AI15: =IF($B15="","",VLOOKUP("GATEWAY_EDMX_4PORT",Assumptions!$M$2:$N$6,2,FALSE)) | AJ15: =IF($B15="","",IF($F15="Integral",0,IF($R15>=2,MAX(IF($L15="",$B$5,$L15),CEILING($Y15/6,1)),0))) | AK15: =IF($B15="","",VLOOKUP("NEMA_ENCLOSURE_MED",Assumptions!$M$2:$N$6,2,FALSE)) | AL15: =IF($B15="","",IF($F15="Integral",0,IF($R15>=2,$Y15,0))) | AM15: =IF($B15="","",VLOOKUP("POWER_DRIVER_PACK",Assumptions!$M$2:$N$6,2,FALSE)) | AN15: =IF($B15="","",IF($S15="eDMX",MAX(1,CEILING($AH15/12,1)),0)) | AO15: =IF($B15="","",VLOOKUP("NETWORK_SWITCH",Assumptions!$M$2:$N$6,2,FALSE)) | AP15: =IF($B15="","",0) | AQ15: =IF($B15="","",VLOOKUP("DMX_SPLITTER_PRO",Assumptions!$M$2:$N$6,2,FALSE)) | AR15: =IF($B15="","",($AF15*$AG15)+($AH15*$AI15)+($AJ15*$AK15)+($AL15*$AM15)+($AN15*$AO15)+($AP15*$AQ15)) | AS15: =IF($R15="","",VLOOKUP($R15,Assumptions!$D$2:$F$6,2,FALSE)) | AT15: =IF($R15="","",VLOOKUP($R15,Assumptions!$D$2:$F$6,3,FALSE)) | AU15: =IF($B15="","",$AR15*(1+$AS15)+(IF($M15="",$B$6,$M15)*$AT15)) | AV15: =IF($R15="","",VLOOKUP($R15,Assumptions!$D$2:$H$6,4,FALSE)+($Y15*VLOOKUP($R15,Assumptions!$D$2:$H$6,5,FALSE))) | AW15: 175 | AX15: =IF($B15="","",$AV15*$AW15) | AY15: 0 | AZ15: =IF($B15="","",$P15+($AU15+$AX15)*(1+$AY15)) | BA15: =IF($B15="","",$AZ15/IF($M15="",$B$6,$M15)) | BB15: =IF($B15="","",$AZ15-$B$4) | BC15: =IF($B15="","",_xludf.RANK.EQ($AZ15,$AZ$11:$AZ$15,1)) | BD15: =IF($B15="","",$P15) | BE15: =IF($B15="","",$AU15*(1+$AY15)) | BF15: =IF($B15="","",$AX15*(1+$AY15))

Sheet Assumptions
A1: Output Type | B1: Default Channels/Zone | D1: Control Level | E1: Default Misc Allow % | F1: Default Cabling $/LF | G1: Comm Base Hrs | H1: Comm Hrs/Zone | J1: Controller Tier | K1: Default Unit Cost | M1: Item Key | N1: Default Unit Cost | P1: Control Ecosystem | Q1: Default Level | R1: Default Protocol | T1: Control Zone Size Options | U1: Driver Type Options
A2: Static White | B2: 1 | D2: 0 | E2: 0 | F2: 0 | G2: 0 | H2: 0.16 | J2: SMALL | K2: 1200 | M2: GATEWAY_EDMX_4PORT | N2: 1250 | P2: nLight | Q2: 1 | R2: 0-10V/DALI | T2: Max Run Length | U2: Integral
A3: Tunable White | B3: 2 | D3: 1 | E3: 0.1 | F3: 1.5 | G3: 4 | H3: 0.16 | J3: LARGE | K3: 41640 | M3: NEMA_ENCLOSURE_MED | N3: 900 | P3: Pharos | Q3: 2 | R3: DMX | T3: 4LF | U3: Remote
A4: RGB | B4: 3 | D4: 2 | E4: 0.15 | F4: 4 | G4: 8 | H4: 0.16 | M4: POWER_DRIVER_PACK | N4: 750 | P4: ETC | Q4: 2 | R4: DMX | T4: 1LF
A5: RGBW | B5: 4 | D5: 3 | E5: 0.2 | F5: 6 | G5: 16 | H5: 0.16 | M5: NETWORK_SWITCH | N5: 650 | P5: GVA ecosystem | Q5: 2 | R5: DMX | T5: 0.5LF
D6: 4 | E6: 0.25 | F6: 10 | G6: 24 | H6: 0.16 | M6: DMX_SPLITTER_PRO | N6: 600 | P6: Other / TBD | Q6: 2 | R6: DMX | T6: 0.25LF
